2-Amino-6-methylheptane 2-Amino-6-methylheptane 14 flase
4-Aminobutyric_acid 4-Aminobutyric_acid 20 flase
Actidione Actidione 19 flase
Adenosine Adenosine 15 flase
ALA_hydrochloride ALA_hydrochloride 20 flase
Amenamevir Amenamevir 1 flase
Amiloride_hydrochloride_dihydrate Amiloride_hydrochloride_dihydrate 14 flase
Amoxicillin Amoxicillin 17 flase
Ampicillin Ampicillin 17 flase
Ampicillin_sodium Ampicillin_sodium 17 flase
Artamine Artamine 20 flase
Azithromycin Azithromycin 19 flase
Azlocillin_sodium Azlocillin_sodium 17 flase
Benazepril_hydrochloride Benazepril_hydrochloride 19 flase
Bestatin_hydrochloride Bestatin_hydrochloride 20 flase
Bortezomib Bortezomib 19 flase
Carfilzomib Carfilzomib 15 flase
Cariprazine Cariprazine 16 flase
Cefepime_Dihydrochloride_Monohydrate Cefepime_Dihydrochloride_Monohydrate 17 flase
Ceftazidime Ceftazidime 17 flase
Cephradine Cephradine 17 flase
Cetylpyridinium_chloride_monohydrate Cetylpyridinium_chloride_monohydrate 13 flase
Chloramphenicol Chloramphenicol 17 flase
Chlorophos Chlorophos 20 flase
Cinacalcet_hydrochloride Cinacalcet_hydrochloride 14 flase
Clofarabine Clofarabine 15 flase
Clorprenaline_hydrochloride Clorprenaline_hydrochloride 19 flase
Decamethonium_bromide Decamethonium_bromide 13 flase
Dexrazoxane_HCl Dexrazoxane_HCl 16 flase
D-glutamine D-glutamine 20 flase
Diphenidol_hydrochloride Diphenidol_hydrochloride 13 flase
Disopyramide Disopyramide 19 flase
DL-Glutamine DL-Glutamine 20 flase
DL-Penicillamine DL-Penicillamine 20 flase
DL-trihexyphenidyl_hydrochloride DL-trihexyphenidyl_hydrochloride 13 flase
DL-Xylose DL-Xylose 7 flase
D-Mannitol D-Mannitol 7 flase
D-Pantethine D-Pantethine 19 flase
D-Sorbitol D-Sorbitol 7 flase
Ethambutol_dihydrochloride Ethambutol_dihydrochloride 19 flase
Etofylline Etofylline 15 flase
Ferrous_Bisglycinate Ferrous_Bisglycinate 20 flase
Ferrous_fumarate Ferrous_fumarate 20 flase
Fipronil Fipronil 3 flase
Fluconazole Fluconazole 14 flase
Flufenamic_acid Flufenamic_acid 18 flase
Fluoxetine_hydrochloride Fluoxetine_hydrochloride 19 flase
Fluoxetine Fluoxetine 19 flase
Fluphenazine_hydrochloride Fluphenazine_hydrochloride 14 flase
Fudosteine Fudosteine 20 flase
Furaltadone_hydrochloride Furaltadone_hydrochloride 17 flase
Gemcitabine Gemcitabine 15 flase
Glucosamine Glucosamine 7 flase
glutamic_acid glutamic_acid 20 flase
Guanethidine_Monosulfate Guanethidine_Monosulfate 1 flase
Heptaminol_hydrochloride Heptaminol_hydrochloride 14 flase
histidine histidine 20 flase
Homatropine_Bromide Homatropine_Bromide 13 flase
Imazalil Imazalil 14 flase
isoleucine isoleucine 20 flase
Isoprenaline_hydrochloride Isoprenaline_hydrochloride 19 flase
L-arginine_monohydrochloride L-arginine_monohydrochloride 20 flase
L-Arginine L-Arginine 20 flase
L-Asparagine L-Asparagine 20 flase
L-Aspartic_acid L-Aspartic_acid 20 flase
Lauroseptol Lauroseptol 13 flase
Levomilnacipran Levomilnacipran 19 flase
L-Glutamic_acid_monosodium_salt L-Glutamic_acid_monosodium_salt 20 flase
L-Glutamine L-Glutamine 20 flase
Lisinopril_dihydrate Lisinopril_dihydrate 19 flase
L-Leucine L-Leucine 20 flase
L-Ornithine L-Ornithine 20 true
L-Valine L-Valine 20 flase
lysine lysine 20 flase
Mandelic_acid Mandelic_acid 5 flase
Mebeverine_hydrochloride Mebeverine_hydrochloride 13 flase
Mefloquine_hydrochloride Mefloquine_hydrochloride 19 flase
Meglumine Meglumine 7 flase
Mesna Mesna 1 flase
Methotrexate Methotrexate 15 flase
Milnacipran_hydrochloride Milnacipran_hydrochloride 19 flase
Moroxydine_hydrochloride Moroxydine_hydrochloride 19 flase
Myclobutanil Myclobutanil 14 flase
nafcillin_sodium nafcillin_sodium 17 flase
Nateglinide Nateglinide 20 flase
Nebivolol_hydrochloride Nebivolol_hydrochloride 19 flase
Niflumic_acid Niflumic_acid 18 flase
Nitisinone Nitisinone 17 flase
Nylidrin_hydrochloride Nylidrin_hydrochloride 19 flase
Odanacatib Odanacatib 2 flase
Ornidazole Ornidazole 17 flase
Orphenadrine_hydrochloride Orphenadrine_hydrochloride 13 flase
Oxacillin_sodium Oxacillin_sodium 17 flase
Oxaliplatin Oxaliplatin 19 flase
Palonosetron_hydrochloride Palonosetron_hydrochloride 16 flase
Pemirolast_potassium Pemirolast_potassium 18 flase
Penciclovir Penciclovir 15 flase
Perindopril_erbumine Perindopril_erbumine 19 flase
Piperacillin_sodium_salt Piperacillin_sodium_salt 17 flase
Pralatrexate Pralatrexate 15 flase
Pramiracetam Pramiracetam 16 flase
Proguanil_hydrochloride Proguanil_hydrochloride 14 flase
Propantheline_bromide Propantheline_bromide 13 flase
Propranolol_hydrochloride Propranolol_hydrochloride 19 flase
Puromycin_dihydrochloride Puromycin_dihydrochloride 15 flase
Quinapril_hydrochloride Quinapril_hydrochloride 19 flase
Raltegravir Raltegravir 18 flase
Ramipril Ramipril 19 flase
Rebeprazole_sodium Rebeprazole_sodium 1 flase
Riluzole Riluzole 14 flase
Rimantadine_hydrochloride Rimantadine_hydrochloride 14 flase
Romidepsin Romidepsin 19 flase
Roxarsone Roxarsone 17 flase
Secnidazole Secnidazole 17 flase
Selenomethionine Selenomethionine 20 flase
serine serine 20 flase
Sodium_gluconate Sodium_gluconate 7 flase
Sofosbuvir Sofosbuvir 15 flase
Sotalol_hydrochloride Sotalol_hydrochloride 2 flase
Suprofen Suprofen 5 flase
Temocapril_HCl Temocapril_HCl 19 flase
Temozolomide Temozolomide 18 flase
Teriflunomide Teriflunomide 18 flase
Theophylline-7-acetic_acid Theophylline-7-acetic_acid 15 flase
Thymopentin Thymopentin 19 flase
Tiaprofenic_acid Tiaprofenic_acid 5 flase
Tiopronin Tiopronin 20 flase
Trifluoperazine_dihydrochloride Trifluoperazine_dihydrochloride 14 flase
Triflupromazine_hydrochloride Triflupromazine_hydrochloride 14 flase
Triflusal Triflusal 5 flase
Ubenimex Ubenimex 20 flase
Valacyclovir_hydrochloride Valacyclovir_hydrochloride 15 flase
Valganciclovir_hydrochloride Valganciclovir_hydrochloride 15 flase
Valproic_acid_sodium_salt Valproic_acid_sodium_salt 20 flase
Venlafaxine_hydrochloride Venlafaxine_hydrochloride 13 flase
Vidarabine Vidarabine 15 flase
Vigabatrin Vigabatrin 20 flase
Vildagliptin Vildagliptin 16 flase
Xylitol Xylitol 7 flase
